{
	"mailPiece": {
		"mailPieceId": "BI316655033GB",
		"carrierShortName": "StoreFeeder",
		"summary": {
			"uniqueItemId": "BI316655033GB",
			"oneDBarcode": "BI316655033GB",
			"productId": "TP1",
			"productName": "ROYAL MAIL TRACKED 48 (HV) (T)",
			"productDescription": "Default",
			"productCategory": "NON-INTERNATIONAL"
		},
		"details": {
			"accountIdentifier": "1245785689",
			"accountName": "Sweden Gothenburg",
			"format": "sample format",
			"mailClassCode": "sample class code"
		},
		"signature": {
			"recipientName": "Some name",
			"signatureDateTime": "2021-09-15T01:25:03+01:00"
		},
		"preadvice": {
			"sendersReference1": "sendersReference1",
			"sendersReference2": "sample reference data 2",
			"contractCode": "sample contract code"
		},
		"eventDetail": {
			"eventCode": "EVDEL",
			"eventName": "sample event name",
			"eventDateTime": "2021-09-15T01:25:03+01:00",
			"safePlacePositionCode": "sample position code"
		}
	}
}
